time,irvalue,redvalue
2025-03-09 15:02:54,199,279
2025-03-09 15:02:54,192,274
2025-03-09 15:02:54,177,287
2025-03-09 15:02:54,187,288
2025-03-09 15:02:54,187,289
2025-03-09 15:02:54,185,293
2025-03-09 15:02:54,190,301
2025-03-09 15:02:54,207,307
2025-03-09 15:02:54,217,326
2025-03-09 15:02:54,236,320
2025-03-09 15:02:54,241,324
2025-03-09 15:02:54,248,333
2025-03-09 15:02:54,244,335
2025-03-09 15:02:54,255,357
2025-03-09 15:02:54,283,374
2025-03-09 15:02:54,314,394
2025-03-09 15:02:54,347,407
2025-03-09 15:02:54,378,421
2025-03-09 15:02:54,416,433
2025-03-09 15:02:54,498,448
2025-03-09 15:02:54,612,463
2025-03-09 15:02:54,741,490
2025-03-09 15:02:54,856,534
2025-03-09 15:02:54,915,548
2025-03-09 15:02:54,853,522
2025-03-09 15:02:54,734,460
2025-03-09 15:02:54,596,469
2025-03-09 15:02:54,882,862
2025-03-09 15:02:54,1010,811
2025-03-09 15:02:54,1285,945
2025-03-09 15:02:54,1336,1046
2025-03-09 15:02:54,1390,1044
2025-03-09 15:02:54,1388,1052
2025-03-09 15:02:54,1406,1076
2025-03-09 15:02:54,1423,1057
2025-03-09 15:02:54,1365,1015
2025-03-09 15:02:54,1386,1041
2025-03-09 15:02:54,1376,1014
2025-03-09 15:02:54,1359,1025
2025-03-09 15:02:54,1372,1022
2025-03-09 15:02:58,1320,998
2025-03-09 15:02:58,1305,1003
2025-03-09 15:02:58,1363,1046
2025-03-09 15:02:58,1398,1049
2025-03-09 15:02:58,1405,1034
2025-03-09 15:02:58,1388,1028
2025-03-09 15:02:58,1371,1014
2025-03-09 15:02:58,1360,1028
2025-03-09 15:02:58,1380,1040
2025-03-09 15:02:58,1369,1033
2025-03-09 15:02:58,1378,1038
2025-03-09 15:02:58,1376,1050
2025-03-09 15:02:58,1392,1047
2025-03-09 15:02:58,1394,1053
2025-03-09 15:02:58,1404,1047
2025-03-09 15:02:58,1392,1041
2025-03-09 15:02:58,1386,1029
2025-03-09 15:02:58,1369,1023
2025-03-09 15:02:58,1373,1023
2025-03-09 15:02:58,1369,1028
2025-03-09 15:02:58,1363,1027
2025-03-09 15:02:58,1376,1033
2025-03-09 15:02:58,1380,1037
2025-03-09 15:02:58,1378,1049
2025-03-09 15:02:58,1387,1048
2025-03-09 15:02:58,1393,1051
2025-03-09 15:02:58,1399,1043
2025-03-09 15:02:58,1404,1040
2025-03-09 15:02:58,1396,1029
2025-03-09 15:02:58,1382,1028
2025-03-09 15:02:58,1371,1018
2025-03-09 15:02:58,1363,1027
2025-03-09 15:02:58,1366,1030
2025-03-09 15:02:58,1372,1031
2025-03-09 15:02:58,1377,1035
2025-03-09 15:02:58,1380,1045
2025-03-09 15:02:58,1394,1049
2025-03-09 15:02:58,1390,1057
2025-03-09 15:02:58,1401,1052
2025-03-09 15:02:58,1403,1037
2025-03-09 15:03:02,1392,1043
2025-03-09 15:03:02,1384,1040
2025-03-09 15:03:02,1388,1048
2025-03-09 15:03:02,1395,1053
2025-03-09 15:03:02,1401,1063
2025-03-09 15:03:02,1401,1055
2025-03-09 15:03:02,1404,1045
2025-03-09 15:03:02,1401,1033
2025-03-09 15:03:02,1377,1031
2025-03-09 15:03:02,1386,1027
2025-03-09 15:03:02,1367,1028
2025-03-09 15:03:02,1365,1033
2025-03-09 15:03:02,1374,1039
2025-03-09 15:03:02,1379,1037
2025-03-09 15:03:02,1387,1049
2025-03-09 15:03:02,1385,1044
2025-03-09 15:03:02,1398,1051
2025-03-09 15:03:02,1389,1048
2025-03-09 15:03:02,1403,1041
2025-03-09 15:03:02,1399,1030
2025-03-09 15:03:02,1387,1030
2025-03-09 15:03:02,1375,1027
2025-03-09 15:03:02,1371,1030
2025-03-09 15:03:02,1368,1027
2025-03-09 15:03:02,1368,1037
2025-03-09 15:03:02,1387,1033
2025-03-09 15:03:02,1378,1041
2025-03-09 15:03:02,1385,1048
2025-03-09 15:03:02,1390,1054
2025-03-09 15:03:02,1390,1053
2025-03-09 15:03:02,1402,1046
2025-03-09 15:03:02,1399,1034
2025-03-09 15:03:02,1391,1027
2025-03-09 15:03:02,1377,1022
2025-03-09 15:03:02,1369,1016
2025-03-09 15:03:02,1359,1031
2025-03-09 15:03:02,1368,1027
2025-03-09 15:03:02,1370,1030
2025-03-09 15:03:02,1374,1037
2025-03-09 15:03:02,1385,1042
2025-03-09 15:03:04,1379,1034
2025-03-09 15:03:04,1376,1044
2025-03-09 15:03:04,1387,1044
2025-03-09 15:03:04,1399,1039
2025-03-09 15:03:04,1392,1033
2025-03-09 15:03:04,1384,1019
2025-03-09 15:03:04,1371,1017
2025-03-09 15:03:04,1365,1018
2025-03-09 15:03:04,1363,1024
2025-03-09 15:03:04,1361,1032
2025-03-09 15:03:04,1373,1038
2025-03-09 15:03:04,1374,1040
2025-03-09 15:03:04,1374,1048
2025-03-09 15:03:04,1385,1048
2025-03-09 15:03:04,1388,1048
2025-03-09 15:03:04,1394,1038
2025-03-09 15:03:04,1396,1039
2025-03-09 15:03:04,1391,1020
2025-03-09 15:03:04,1373,1018
2025-03-09 15:03:04,1371,1022
2025-03-09 15:03:04,1362,1022
2025-03-09 15:03:04,1371,1021
2025-03-09 15:03:04,1367,1020
2025-03-09 15:03:04,1366,1032
2025-03-09 15:03:04,1370,1048
2025-03-09 15:03:04,1375,1039
2025-03-09 15:03:04,1388,1053
2025-03-09 15:03:04,1392,1051
2025-03-09 15:03:04,1390,1039
2025-03-09 15:03:04,1385,1026
2025-03-09 15:03:04,1380,1024
2025-03-09 15:03:04,1367,1019
2025-03-09 15:03:04,1366,1021
2025-03-09 15:03:04,1365,1033
2025-03-09 15:03:04,1361,1025
2025-03-09 15:03:04,1370,1031
2025-03-09 15:03:04,1371,1033
2025-03-09 15:03:04,1372,1041
2025-03-09 15:03:04,1385,1045
2025-03-09 15:03:04,1382,1046
2025-03-09 15:03:06,1378,1033
2025-03-09 15:03:06,1354,1021
2025-03-09 15:03:06,1360,1027
2025-03-09 15:03:06,1362,1032
2025-03-09 15:03:06,1369,1038
2025-03-09 15:03:06,1378,1042
2025-03-09 15:03:06,1380,1042
2025-03-09 15:03:06,1379,1043
2025-03-09 15:03:06,1387,1034
2025-03-09 15:03:06,1386,1039
2025-03-09 15:03:06,1382,1020
2025-03-09 15:03:06,1370,1016
2025-03-09 15:03:06,1365,1011
2025-03-09 15:03:06,1358,1016
2025-03-09 15:03:06,1353,1019
2025-03-09 15:03:06,1364,1029
2025-03-09 15:03:06,1368,1025
2025-03-09 15:03:06,1370,1039
2025-03-09 15:03:06,1366,1036
2025-03-09 15:03:06,1381,1052
2025-03-09 15:03:06,1380,1043
2025-03-09 15:03:06,1388,1041
2025-03-09 15:03:06,1385,1040
2025-03-09 15:03:06,1381,1024
2025-03-09 15:03:06,1370,1018
2025-03-09 15:03:06,1364,1012
2025-03-09 15:03:06,1353,1016
2025-03-09 15:03:06,1361,1026
2025-03-09 15:03:06,1361,1028
2025-03-09 15:03:06,1365,1025
2025-03-09 15:03:06,1373,1036
2025-03-09 15:03:06,1374,1041
2025-03-09 15:03:06,1379,1051
2025-03-09 15:03:06,1385,1043
2025-03-09 15:03:06,1390,1042
2025-03-09 15:03:06,1376,1025
2025-03-09 15:03:06,1374,1023
2025-03-09 15:03:06,1367,1016
2025-03-09 15:03:06,1365,1014
2025-03-09 15:03:06,1354,1025
2025-03-09 15:03:07,1362,1043
2025-03-09 15:03:07,1384,1045
2025-03-09 15:03:07,1388,1047
2025-03-09 15:03:07,1397,1039
2025-03-09 15:03:07,1377,1027
2025-03-09 15:03:07,1384,1024
2025-03-09 15:03:07,1363,1017
2025-03-09 15:03:07,1365,1014
2025-03-09 15:03:07,1353,1019
2025-03-09 15:03:07,1361,1023
2025-03-09 15:03:07,1368,1023
2025-03-09 15:03:07,1369,1025
2025-03-09 15:03:07,1371,1037
2025-03-09 15:03:07,1370,1041
2025-03-09 15:03:07,1382,1049
2025-03-09 15:03:07,1388,1040
2025-03-09 15:03:07,1391,1037
2025-03-09 15:03:07,1384,1017
2025-03-09 15:03:07,1366,1020
2025-03-09 15:03:07,1355,1009
2025-03-09 15:03:07,1352,1018
2025-03-09 15:03:07,1353,1024
2025-03-09 15:03:07,1363,1026
2025-03-09 15:03:07,1366,1025
2025-03-09 15:03:07,1366,1032
2025-03-09 15:03:07,1373,1038
2025-03-09 15:03:07,1386,1043
2025-03-09 15:03:07,1375,1045
2025-03-09 15:03:07,1385,1037
2025-03-09 15:03:07,1383,1024
2025-03-09 15:03:07,1373,1019
2025-03-09 15:03:07,1361,1006
2025-03-09 15:03:07,1356,1014
2025-03-09 15:03:07,1347,1017
2025-03-09 15:03:07,1357,1024
2025-03-09 15:03:07,1362,1028
2025-03-09 15:03:07,1365,1028
2025-03-09 15:03:07,1367,1038
2025-03-09 15:03:07,1384,1040
2025-03-09 15:03:07,1373,1045
2025-03-09 15:03:09,1354,1023
2025-03-09 15:03:09,1348,1019
2025-03-09 15:03:09,1362,1022
2025-03-09 15:03:09,1364,1028
2025-03-09 15:03:09,1370,1033
2025-03-09 15:03:09,1366,1042
2025-03-09 15:03:09,1377,1043
2025-03-09 15:03:09,1374,1045
2025-03-09 15:03:09,1380,1037
2025-03-09 15:03:09,1381,1027
2025-03-09 15:03:09,1380,1018
2025-03-09 15:03:09,1365,1010
2025-03-09 15:03:09,1362,1010
2025-03-09 15:03:09,1353,1014
2025-03-09 15:03:09,1351,1027
2025-03-09 15:03:09,1366,1024
2025-03-09 15:03:09,1369,1033
2025-03-09 15:03:09,1370,1041
2025-03-09 15:03:09,1374,1043
2025-03-09 15:03:09,1374,1046
2025-03-09 15:03:09,1387,1035
2025-03-09 15:03:09,1380,1034
2025-03-09 15:03:09,1379,1022
2025-03-09 15:03:09,1365,1016
2025-03-09 15:03:09,1360,1010
2025-03-09 15:03:09,1355,1015
2025-03-09 15:03:09,1350,1018
2025-03-09 15:03:09,1356,1031
2025-03-09 15:03:09,1359,1029
2025-03-09 15:03:09,1369,1046
2025-03-09 15:03:09,1373,1036
2025-03-09 15:03:09,1378,1041
2025-03-09 15:03:09,1379,1041
2025-03-09 15:03:09,1380,1038
2025-03-09 15:03:09,1383,1018
2025-03-09 15:03:09,1371,1014
2025-03-09 15:03:09,1354,1014
2025-03-09 15:03:09,1350,1013
2025-03-09 15:03:09,1353,1020
2025-03-09 15:03:09,1354,1017
2025-03-09 15:03:11,1374,1037
2025-03-09 15:03:11,1377,1035
2025-03-09 15:03:11,1376,1024
2025-03-09 15:03:11,1375,1020
2025-03-09 15:03:11,1358,1013
2025-03-09 15:03:11,1360,1002
2025-03-09 15:03:11,1345,1012
2025-03-09 15:03:11,1357,1018
2025-03-09 15:03:11,1361,1028
2025-03-09 15:03:11,1363,1028
2025-03-09 15:03:11,1370,1037
2025-03-09 15:03:11,1372,1040
2025-03-09 15:03:11,1379,1041
2025-03-09 15:03:11,1377,1041
2025-03-09 15:03:11,1384,1019
2025-03-09 15:03:11,1374,1010
2025-03-09 15:03:11,1360,1011
2025-03-09 15:03:11,1359,1009
2025-03-09 15:03:11,1358,1016
2025-03-09 15:03:11,1354,1019
2025-03-09 15:03:11,1362,1029
2025-03-09 15:03:11,1367,1029
2025-03-09 15:03:11,1367,1036
2025-03-09 15:03:11,1378,1037
2025-03-09 15:03:11,1373,1046
2025-03-09 15:03:11,1379,1035
2025-03-09 15:03:11,1379,1027
2025-03-09 15:03:11,1372,1012
2025-03-09 15:03:11,1360,1016
2025-03-09 15:03:11,1358,1006
2025-03-09 15:03:11,1353,1011
2025-03-09 15:03:11,1353,1022
2025-03-09 15:03:11,1358,1020
2025-03-09 15:03:11,1362,1023
2025-03-09 15:03:11,1366,1037
2025-03-09 15:03:11,1367,1033
2025-03-09 15:03:11,1381,1042
2025-03-09 15:03:11,1375,1042
2025-03-09 15:03:11,1381,1034
2025-03-09 15:03:11,1377,1017
2025-03-09 15:03:13,1358,1022
2025-03-09 15:03:13,1357,1030
2025-03-09 15:03:13,1359,1034
2025-03-09 15:03:13,1359,1031
2025-03-09 15:03:13,1368,1039
2025-03-09 15:03:13,1373,1038
2025-03-09 15:03:13,1386,1033
2025-03-09 15:03:13,1375,1030
2025-03-09 15:03:13,1370,1015
2025-03-09 15:03:13,1366,1022
2025-03-09 15:03:13,1358,1005
2025-03-09 15:03:13,1346,1012
2025-03-09 15:03:13,1344,1019
2025-03-09 15:03:13,1361,1025
2025-03-09 15:03:13,1358,1023
2025-03-09 15:03:13,1366,1034
2025-03-09 15:03:13,1368,1037
2025-03-09 15:03:13,1382,1042
2025-03-09 15:03:13,1379,1043
2025-03-09 15:03:13,1384,1032
2025-03-09 15:03:13,1376,1022
2025-03-09 15:03:13,1372,1012
2025-03-09 15:03:13,1359,1013
2025-03-09 15:03:13,1358,1014
2025-03-09 15:03:13,1355,1015
2025-03-09 15:03:13,1356,1014
2025-03-09 15:03:13,1359,1024
2025-03-09 15:03:13,1363,1029
2025-03-09 15:03:13,1365,1041
2025-03-09 15:03:13,1378,1029
2025-03-09 15:03:13,1373,1042
2025-03-09 15:03:13,1381,1033
2025-03-09 15:03:13,1379,1036
2025-03-09 15:03:13,1371,1017
2025-03-09 15:03:13,1364,1016
2025-03-09 15:03:13,1354,1008
2025-03-09 15:03:13,1350,1018
2025-03-09 15:03:13,1349,1021
2025-03-09 15:03:13,1351,1028
2025-03-09 15:03:13,1357,1023
2025-03-09 15:03:14,1368,1023
2025-03-09 15:03:14,1370,1017
2025-03-09 15:03:14,1356,1011
2025-03-09 15:03:14,1363,1021
2025-03-09 15:03:14,1349,1021
2025-03-09 15:03:14,1356,1021
2025-03-09 15:03:14,1367,1023
2025-03-09 15:03:14,1369,1033
2025-03-09 15:03:14,1371,1039
2025-03-09 15:03:14,1373,1040
2025-03-09 15:03:14,1375,1042
2025-03-09 15:03:14,1387,1038
2025-03-09 15:03:14,1379,1026
2025-03-09 15:03:14,1378,1019
2025-03-09 15:03:14,1362,1018
2025-03-09 15:03:14,1357,1008
2025-03-09 15:03:14,1348,1021
2025-03-09 15:03:14,1352,1023
2025-03-09 15:03:14,1352,1022
2025-03-09 15:03:14,1362,1026
2025-03-09 15:03:14,1365,1034
2025-03-09 15:03:14,1372,1036
2025-03-09 15:03:14,1381,1045
2025-03-09 15:03:14,1382,1039
2025-03-09 15:03:14,1379,1034
2025-03-09 15:03:14,1375,1019
2025-03-09 15:03:14,1373,1014
2025-03-09 15:03:14,1360,1011
2025-03-09 15:03:14,1362,1013
2025-03-09 15:03:14,1344,1018
2025-03-09 15:03:14,1355,1021
2025-03-09 15:03:14,1364,1025
2025-03-09 15:03:14,1365,1026
2025-03-09 15:03:14,1375,1037
2025-03-09 15:03:14,1380,1047
2025-03-09 15:03:14,1379,1042
2025-03-09 15:03:14,1385,1041
2025-03-09 15:03:14,1374,1025
2025-03-09 15:03:14,1373,1022
2025-03-09 15:03:14,1358,1013
2025-03-09 15:03:16,1363,1036
2025-03-09 15:03:16,1374,1048
2025-03-09 15:03:16,1376,1045
2025-03-09 15:03:16,1381,1035
2025-03-09 15:03:16,1371,1022
2025-03-09 15:03:16,1373,1018
2025-03-09 15:03:16,1359,1010
2025-03-09 15:03:16,1357,1006
2025-03-09 15:03:16,1353,1012
2025-03-09 15:03:16,1356,1015
2025-03-09 15:03:16,1359,1023
2025-03-09 15:03:16,1361,1022
2025-03-09 15:03:16,1368,1041
2025-03-09 15:03:16,1367,1033
2025-03-09 15:03:16,1372,1039
2025-03-09 15:03:16,1376,1044
2025-03-09 15:03:16,1377,1030
2025-03-09 15:03:16,1377,1014
2025-03-09 15:03:16,1366,1021
2025-03-09 15:03:16,1356,1006
2025-03-09 15:03:16,1348,1015
2025-03-09 15:03:16,1346,1015
2025-03-09 15:03:16,1351,1019
2025-03-09 15:03:16,1363,1024
2025-03-09 15:03:16,1360,1033
2025-03-09 15:03:16,1363,1032
2025-03-09 15:03:16,1369,1039
2025-03-09 15:03:16,1370,1037
2025-03-09 15:03:16,1381,1035
2025-03-09 15:03:16,1381,1028
2025-03-09 15:03:16,1373,1016
2025-03-09 15:03:16,1362,1002
2025-03-09 15:03:16,1355,1011
2025-03-09 15:03:16,1349,1018
2025-03-09 15:03:16,1354,1023
2025-03-09 15:03:16,1350,1026
2025-03-09 15:03:16,1358,1025
2025-03-09 15:03:16,1366,1031
2025-03-09 15:03:16,1370,1030
2025-03-09 15:03:16,1380,1041
2025-03-09 15:03:18,1362,1012
2025-03-09 15:03:18,1357,1013
2025-03-09 15:03:18,1351,1022
2025-03-09 15:03:18,1354,1030
2025-03-09 15:03:18,1362,1020
2025-03-09 15:03:18,1363,1028
2025-03-09 15:03:18,1369,1039
2025-03-09 15:03:18,1372,1045
2025-03-09 15:03:18,1375,1041
2025-03-09 15:03:18,1388,1033
2025-03-09 15:03:18,1379,1025
2025-03-09 15:03:18,1375,1017
2025-03-09 15:03:18,1360,1005
2025-03-09 15:03:18,1360,1006
2025-03-09 15:03:18,1345,1017
2025-03-09 15:03:18,1354,1024
2025-03-09 15:03:18,1361,1019
2025-03-09 15:03:18,1356,1028
2025-03-09 15:03:18,1366,1034
2025-03-09 15:03:18,1374,1031
2025-03-09 15:03:18,1377,1046
2025-03-09 15:03:18,1383,1037
2025-03-09 15:03:18,1381,1034
2025-03-09 15:03:18,1382,1017
2025-03-09 15:03:18,1360,1014
2025-03-09 15:03:18,1356,1012
2025-03-09 15:03:18,1361,1012
2025-03-09 15:03:18,1352,1013
2025-03-09 15:03:18,1349,1029
2025-03-09 15:03:18,1357,1027
2025-03-09 15:03:18,1360,1027
2025-03-09 15:03:18,1362,1034
2025-03-09 15:03:18,1370,1042
2025-03-09 15:03:18,1372,1038
2025-03-09 15:03:18,1374,1035
2025-03-09 15:03:18,1377,1026
2025-03-09 15:03:18,1371,1012
2025-03-09 15:03:18,1358,1012
2025-03-09 15:03:18,1351,1010
2025-03-09 15:03:18,1348,1013
2025-03-09 15:03:20,1382,1034
2025-03-09 15:03:20,1377,1041
2025-03-09 15:03:20,1374,1034
2025-03-09 15:03:20,1379,1023
2025-03-09 15:03:20,1370,1015
2025-03-09 15:03:20,1365,1015
2025-03-09 15:03:20,1351,1011
2025-03-09 15:03:20,1349,1017
2025-03-09 15:03:20,1342,1018
2025-03-09 15:03:20,1352,1020
2025-03-09 15:03:20,1360,1019
2025-03-09 15:03:20,1365,1033
2025-03-09 15:03:20,1365,1036
2025-03-09 15:03:20,1377,1036
2025-03-09 15:03:20,1380,1036
2025-03-09 15:03:20,1385,1031
2025-03-09 15:03:20,1378,1018
2025-03-09 15:03:20,1365,1018
2025-03-09 15:03:20,1354,1007
2025-03-09 15:03:20,1354,1017
2025-03-09 15:03:20,1346,1017
2025-03-09 15:03:20,1346,1017
2025-03-09 15:03:20,1352,1024
2025-03-09 15:03:20,1363,1027
2025-03-09 15:03:20,1368,1034
2025-03-09 15:03:20,1371,1035
2025-03-09 15:03:20,1372,1050
2025-03-09 15:03:20,1376,1035
2025-03-09 15:03:20,1374,1030
2025-03-09 15:03:20,1372,1015
2025-03-09 15:03:20,1361,1016
2025-03-09 15:03:20,1353,1006
2025-03-09 15:03:20,1343,1007
2025-03-09 15:03:20,1347,1017
2025-03-09 15:03:20,1351,1025
2025-03-09 15:03:20,1359,1026
2025-03-09 15:03:20,1363,1032
2025-03-09 15:03:20,1361,1033
2025-03-09 15:03:20,1375,1041
2025-03-09 15:03:20,1371,1035
2025-03-09 15:03:22,1357,1016
2025-03-09 15:03:22,1345,1019
2025-03-09 15:03:22,1357,1015
2025-03-09 15:03:22,1360,1023
2025-03-09 15:03:22,1362,1026
2025-03-09 15:03:22,1361,1031
2025-03-09 15:03:22,1372,1037
2025-03-09 15:03:22,1373,1034
2025-03-09 15:03:22,1383,1029
2025-03-09 15:03:22,1377,1020
2025-03-09 15:03:22,1366,1018
2025-03-09 15:03:22,1357,997
2025-03-09 15:03:22,1353,1002
2025-03-09 15:03:22,1350,1015
2025-03-09 15:03:22,1352,1015
2025-03-09 15:03:22,1350,1015
2025-03-09 15:03:22,1356,1026
2025-03-09 15:03:22,1360,1033
2025-03-09 15:03:22,1377,1037
2025-03-09 15:03:22,1369,1045
2025-03-09 15:03:22,1374,1033
2025-03-09 15:03:22,1370,1025
2025-03-09 15:03:22,1369,1017
2025-03-09 15:03:22,1358,1011
2025-03-09 15:03:22,1352,1011
2025-03-09 15:03:22,1347,1018
2025-03-09 15:03:22,1352,1023
2025-03-09 15:03:22,1350,1018
2025-03-09 15:03:22,1356,1025
2025-03-09 15:03:22,1358,1038
2025-03-09 15:03:22,1370,1038
2025-03-09 15:03:22,1370,1051
2025-03-09 15:03:22,1381,1032
2025-03-09 15:03:22,1372,1030
2025-03-09 15:03:22,1370,1020
2025-03-09 15:03:22,1363,1010
2025-03-09 15:03:22,1357,1013
2025-03-09 15:03:22,1352,1013
2025-03-09 15:03:22,1351,1013
2025-03-09 15:03:22,1357,1030
2025-03-09 15:03:23,1365,1041
2025-03-09 15:03:23,1370,1012
2025-03-09 15:03:23,1351,1008
2025-03-09 15:03:23,1351,1006
2025-03-09 15:03:23,1345,1018
2025-03-09 15:03:23,1352,1019
2025-03-09 15:03:23,1360,1028
2025-03-09 15:03:23,1359,1028
2025-03-09 15:03:23,1368,1032
2025-03-09 15:03:23,1370,1034
2025-03-09 15:03:23,1374,1036
2025-03-09 15:03:23,1376,1029
2025-03-09 15:03:23,1369,1017
2025-03-09 15:03:23,1361,1016
2025-03-09 15:03:23,1348,1013
2025-03-09 15:03:23,1347,1009
2025-03-09 15:03:23,1343,1012
2025-03-09 15:03:23,1356,1015
2025-03-09 15:03:23,1356,1022
2025-03-09 15:03:23,1359,1036
2025-03-09 15:03:23,1367,1036
2025-03-09 15:03:23,1368,1038
2025-03-09 15:03:23,1373,1033
2025-03-09 15:03:23,1371,1019
2025-03-09 15:03:23,1370,1012
2025-03-09 15:03:23,1358,1008
2025-03-09 15:03:23,1352,1010
2025-03-09 15:03:23,1342,1016
2025-03-09 15:03:23,1355,1015
2025-03-09 15:03:23,1355,1023
2025-03-09 15:03:23,1363,1028
2025-03-09 15:03:23,1366,1030
2025-03-09 15:03:23,1378,1038
2025-03-09 15:03:23,1376,1026
2025-03-09 15:03:23,1377,1029
2025-03-09 15:03:23,1370,1012
2025-03-09 15:03:23,1357,1015
2025-03-09 15:03:23,1359,1003
2025-03-09 15:03:23,1348,1013
2025-03-09 15:03:23,1344,1009
2025-03-09 15:03:25,1364,1036
2025-03-09 15:03:25,1378,1029
2025-03-09 15:03:25,1366,1010
2025-03-09 15:03:25,1360,1014
2025-03-09 15:03:25,1353,1001
2025-03-09 15:03:25,1339,1013
2025-03-09 15:03:25,1346,1013
2025-03-09 15:03:25,1351,1019
2025-03-09 15:03:25,1352,1020
2025-03-09 15:03:25,1362,1033
2025-03-09 15:03:25,1360,1029
2025-03-09 15:03:25,1370,1040
2025-03-09 15:03:25,1370,1031
2025-03-09 15:03:25,1369,1021
2025-03-09 15:03:25,1364,1014
2025-03-09 15:03:25,1355,1008
2025-03-09 15:03:25,1352,1011
2025-03-09 15:03:25,1349,1013
2025-03-09 15:03:25,1350,1008
2025-03-09 15:03:25,1353,1018
2025-03-09 15:03:25,1357,1030
2025-03-09 15:03:25,1361,1037
2025-03-09 15:03:25,1374,1046
2025-03-09 15:03:25,1372,1033
2025-03-09 15:03:25,1377,1030
2025-03-09 15:03:25,1375,1018
2025-03-09 15:03:25,1363,1021
2025-03-09 15:03:25,1349,1006
2025-03-09 15:03:25,1343,1005
2025-03-09 15:03:25,1346,1019
2025-03-09 15:03:25,1353,1018
2025-03-09 15:03:25,1355,1022
2025-03-09 15:03:25,1364,1031
2025-03-09 15:03:25,1362,1032
2025-03-09 15:03:25,1370,1043
2025-03-09 15:03:25,1373,1042
2025-03-09 15:03:25,1379,1030
2025-03-09 15:03:25,1366,1010
2025-03-09 15:03:25,1360,1012
2025-03-09 15:03:25,1352,1001
2025-03-09 15:03:27,1365,1028
2025-03-09 15:03:27,1370,1035
2025-03-09 15:03:27,1372,1040
2025-03-09 15:03:27,1370,1023
2025-03-09 15:03:27,1365,1017
2025-03-09 15:03:27,1359,1011
2025-03-09 15:03:27,1346,1001
2025-03-09 15:03:27,1343,1012
2025-03-09 15:03:27,1346,1011
2025-03-09 15:03:27,1349,1022
2025-03-09 15:03:27,1353,1024
2025-03-09 15:03:27,1356,1031
2025-03-09 15:03:27,1364,1037
2025-03-09 15:03:27,1364,1029
2025-03-09 15:03:27,1375,1027
2025-03-09 15:03:27,1368,1016
2025-03-09 15:03:27,1365,1013
2025-03-09 15:03:27,1348,1009
2025-03-09 15:03:27,1351,1008
2025-03-09 15:03:27,1349,1018
2025-03-09 15:03:27,1351,1017
2025-03-09 15:03:27,1356,1025
2025-03-09 15:03:27,1358,1035
2025-03-09 15:03:27,1359,1034
2025-03-09 15:03:27,1369,1042
2025-03-09 15:03:27,1377,1029
2025-03-09 15:03:27,1374,1021
2025-03-09 15:03:27,1365,1017
2025-03-09 15:03:27,1355,1005
2025-03-09 15:03:27,1355,1013
2025-03-09 15:03:27,1338,1014
2025-03-09 15:03:27,1349,1017
2025-03-09 15:03:27,1352,1022
2025-03-09 15:03:27,1356,1023
2025-03-09 15:03:27,1358,1033
2025-03-09 15:03:27,1372,1035
2025-03-09 15:03:27,1370,1034
2025-03-09 15:03:27,1377,1026
2025-03-09 15:03:27,1368,1017
2025-03-09 15:03:27,1361,1011
2025-03-09 15:03:29,1367,1023
2025-03-09 15:03:29,1361,1037
2025-03-09 15:03:29,1374,1043
2025-03-09 15:03:29,1375,1035
2025-03-09 15:03:29,1369,1027
2025-03-09 15:03:29,1371,1017
2025-03-09 15:03:29,1356,1017
2025-03-09 15:03:29,1348,1001
2025-03-09 15:03:29,1345,1012
2025-03-09 15:03:29,1345,1018
2025-03-09 15:03:29,1344,1017
2025-03-09 15:03:29,1356,1023
2025-03-09 15:03:29,1359,1029
2025-03-09 15:03:29,1360,1037
2025-03-09 15:03:29,1369,1038
2025-03-09 15:03:29,1373,1026
2025-03-09 15:03:29,1375,1025
2025-03-09 15:03:29,1373,1011
2025-03-09 15:03:29,1353,1006
2025-03-09 15:03:29,1355,1006
2025-03-09 15:03:29,1338,1009
2025-03-09 15:03:29,1354,1017
2025-03-09 15:03:29,1353,1017
2025-03-09 15:03:29,1357,1027
2025-03-09 15:03:29,1355,1030
2025-03-09 15:03:29,1366,1039
2025-03-09 15:03:29,1369,1043
2025-03-09 15:03:29,1372,1032
2025-03-09 15:03:29,1373,1016
2025-03-09 15:03:29,1365,1015
2025-03-09 15:03:29,1351,1008
2025-03-09 15:03:29,1348,1005
2025-03-09 15:03:29,1339,1014
2025-03-09 15:03:29,1351,1022
2025-03-09 15:03:29,1354,1022
2025-03-09 15:03:29,1360,1034
2025-03-09 15:03:29,1367,1031
2025-03-09 15:03:29,1368,1047
2025-03-09 15:03:29,1367,1035
2025-03-09 15:03:29,1373,1025
2025-03-09 15:03:30,1356,1014
2025-03-09 15:03:30,1353,1023
2025-03-09 15:03:30,1354,1035
2025-03-09 15:03:30,1367,1034
2025-03-09 15:03:30,1370,1036
2025-03-09 15:03:30,1379,1033
2025-03-09 15:03:30,1372,1029
2025-03-09 15:03:30,1363,1014
2025-03-09 15:03:30,1359,1011
2025-03-09 15:03:30,1353,1001
2025-03-09 15:03:30,1346,1014
2025-03-09 15:03:30,1353,1018
2025-03-09 15:03:30,1351,1020
2025-03-09 15:03:30,1354,1033
2025-03-09 15:03:30,1350,1033
2025-03-09 15:03:30,1376,1038
2025-03-09 15:03:30,1369,1038
2025-03-09 15:03:30,1377,1035
2025-03-09 15:03:30,1380,1016
2025-03-09 15:03:30,1374,1010
2025-03-09 15:03:30,1347,1007
2025-03-09 15:03:30,1348,1010
2025-03-09 15:03:30,1337,1017
2025-03-09 15:03:30,1350,1020
2025-03-09 15:03:30,1355,1022
2025-03-09 15:03:30,1355,1029
2025-03-09 15:03:30,1364,1030
2025-03-09 15:03:30,1373,1036
2025-03-09 15:03:30,1378,1028
2025-03-09 15:03:30,1375,1030
2025-03-09 15:03:30,1378,1013
2025-03-09 15:03:30,1359,1015
2025-03-09 15:03:30,1351,1006
2025-03-09 15:03:30,1347,1004
2025-03-09 15:03:30,1342,1020
2025-03-09 15:03:30,1353,1016
2025-03-09 15:03:30,1355,1023
2025-03-09 15:03:30,1355,1033
2025-03-09 15:03:30,1367,1033
2025-03-09 15:03:30,1365,1035
2025-03-09 15:03:32,1355,1009
2025-03-09 15:03:32,1335,1010
2025-03-09 15:03:32,1347,1017
2025-03-09 15:03:32,1351,1014
2025-03-09 15:03:32,1357,1017
2025-03-09 15:03:32,1362,1035
2025-03-09 15:03:32,1364,1040
2025-03-09 15:03:32,1369,1035
2025-03-09 15:03:32,1371,1025
2025-03-09 15:03:32,1372,1015
2025-03-09 15:03:32,1360,1013
2025-03-09 15:03:32,1351,1008
2025-03-09 15:03:32,1345,1012
2025-03-09 15:03:32,1340,1018
2025-03-09 15:03:32,1355,1016
2025-03-09 15:03:32,1356,1024
2025-03-09 15:03:32,1354,1026
2025-03-09 15:03:32,1368,1032
2025-03-09 15:03:32,1369,1041
2025-03-09 15:03:32,1373,1026
2025-03-09 15:03:32,1372,1025
2025-03-09 15:03:32,1371,1013
2025-03-09 15:03:32,1352,1005
2025-03-09 15:03:32,1346,1003
2025-03-09 15:03:32,1343,1014
2025-03-09 15:03:32,1348,1024
2025-03-09 15:03:32,1354,1026
2025-03-09 15:03:32,1359,1027
2025-03-09 15:03:32,1359,1033
2025-03-09 15:03:32,1367,1032
2025-03-09 15:03:32,1372,1032
2025-03-09 15:03:32,1377,1030
2025-03-09 15:03:32,1375,1015
2025-03-09 15:03:32,1368,1012
2025-03-09 15:03:32,1349,1010
2025-03-09 15:03:32,1350,1007
2025-03-09 15:03:32,1345,1014
2025-03-09 15:03:32,1348,1019
2025-03-09 15:03:32,1352,1026
2025-03-09 15:03:32,1353,1024
2025-03-09 15:03:34,1360,1014
2025-03-09 15:03:34,1361,1008
2025-03-09 15:03:34,1351,1015
2025-03-09 15:03:34,1351,1019
2025-03-09 15:03:34,1355,1018
2025-03-09 15:03:34,1357,1027
2025-03-09 15:03:34,1357,1040
2025-03-09 15:03:34,1377,1042
2025-03-09 15:03:34,1376,1041
2025-03-09 15:03:34,1381,1039
2025-03-09 15:03:34,1376,1025
2025-03-09 15:03:34,1365,1018
2025-03-09 15:03:34,1352,1008
2025-03-09 15:03:34,1349,1005
2025-03-09 15:03:34,1346,1018
2025-03-09 15:03:34,1352,1028
2025-03-09 15:03:34,1357,1018
2025-03-09 15:03:34,1362,1037
2025-03-09 15:03:34,1359,1031
2025-03-09 15:03:34,1373,1042
2025-03-09 15:03:34,1384,1045
2025-03-09 15:03:34,1376,1030
2025-03-09 15:03:34,1377,1011
2025-03-09 15:03:34,1360,1008
2025-03-09 15:03:34,1356,1002
2025-03-09 15:03:34,1346,1018
2025-03-09 15:03:34,1351,1016
2025-03-09 15:03:34,1352,1019
2025-03-09 15:03:34,1358,1023
2025-03-09 15:03:34,1369,1032
2025-03-09 15:03:34,1374,1039
2025-03-09 15:03:34,1377,1032
2025-03-09 15:03:34,1376,1041
2025-03-09 15:03:34,1375,1032
2025-03-09 15:03:34,1376,1024
2025-03-09 15:03:34,1352,1008
2025-03-09 15:03:34,1354,1010
2025-03-09 15:03:34,1342,1014
2025-03-09 15:03:34,1351,1020
2025-03-09 15:03:34,1361,1021
2025-03-09 15:03:36,1374,1024
2025-03-09 15:03:36,1371,1013
2025-03-09 15:03:36,1353,1013
2025-03-09 15:03:36,1359,1010
2025-03-09 15:03:36,1349,1016
2025-03-09 15:03:36,1354,1026
2025-03-09 15:03:36,1360,1023
2025-03-09 15:03:36,1358,1033
2025-03-09 15:03:36,1363,1039
2025-03-09 15:03:36,1378,1045
2025-03-09 15:03:36,1386,1041
2025-03-09 15:03:36,1378,1032
2025-03-09 15:03:36,1369,1015
2025-03-09 15:03:36,1357,1014
2025-03-09 15:03:36,1351,1011
2025-03-09 15:03:36,1351,1009
2025-03-09 15:03:36,1348,1014
2025-03-09 15:03:36,1356,1020
2025-03-09 15:03:36,1364,1029
2025-03-09 15:03:36,1361,1040
2025-03-09 15:03:36,1369,1039
2025-03-09 15:03:36,1378,1047
2025-03-09 15:03:36,1381,1039
2025-03-09 15:03:36,1373,1021
2025-03-09 15:03:36,1371,1019
2025-03-09 15:03:36,1357,1014
2025-03-09 15:03:36,1359,1012
2025-03-09 15:03:36,1349,1017
2025-03-09 15:03:36,1360,1018
2025-03-09 15:03:36,1356,1021
2025-03-09 15:03:36,1359,1036
2025-03-09 15:03:36,1365,1042
2025-03-09 15:03:36,1371,1042
2025-03-09 15:03:36,1377,1035
2025-03-09 15:03:36,1380,1029
2025-03-09 15:03:36,1375,1016
2025-03-09 15:03:36,1371,1021
2025-03-09 15:03:36,1362,1014
2025-03-09 15:03:36,1356,1014
2025-03-09 15:03:36,1353,1020
2025-03-09 15:03:37,1390,1046
2025-03-09 15:03:37,1388,1042
2025-03-09 15:03:37,1381,1031
2025-03-09 15:03:37,1372,1009
2025-03-09 15:03:37,1361,1009
2025-03-09 15:03:37,1354,1006
2025-03-09 15:03:37,1348,1018
2025-03-09 15:03:37,1366,1025
2025-03-09 15:03:37,1361,1028
2025-03-09 15:03:37,1357,1035
2025-03-09 15:03:37,1365,1036
2025-03-09 15:03:37,1369,1045
2025-03-09 15:03:37,1381,1044
2025-03-09 15:03:37,1384,1042
2025-03-09 15:03:37,1382,1023
2025-03-09 15:03:37,1371,1014
2025-03-09 15:03:37,1350,1015
2025-03-09 15:03:37,1353,1011
2025-03-09 15:03:37,1348,1018
2025-03-09 15:03:37,1360,1023
2025-03-09 15:03:37,1357,1030
2025-03-09 15:03:37,1363,1039
2025-03-09 15:03:37,1368,1042
2025-03-09 15:03:37,1377,1038
2025-03-09 15:03:37,1383,1035
2025-03-09 15:03:37,1379,1036
2025-03-09 15:03:37,1375,1024
2025-03-09 15:03:37,1360,1007
2025-03-09 15:03:37,1356,1009
2025-03-09 15:03:37,1348,1016
2025-03-09 15:03:37,1356,1025
2025-03-09 15:03:37,1358,1020
2025-03-09 15:03:37,1362,1026
2025-03-09 15:03:37,1364,1040
2025-03-09 15:03:37,1372,1048
2025-03-09 15:03:37,1378,1042
2025-03-09 15:03:37,1382,1037
2025-03-09 15:03:37,1379,1025
2025-03-09 15:03:37,1380,1023
2025-03-09 15:03:37,1360,1009
2025-03-09 15:03:39,1367,1040
2025-03-09 15:03:39,1377,1040
2025-03-09 15:03:39,1381,1048
2025-03-09 15:03:39,1388,1043
2025-03-09 15:03:39,1385,1022
2025-03-09 15:03:39,1372,1019
2025-03-09 15:03:39,1360,1014
2025-03-09 15:03:39,1355,1010
2025-03-09 15:03:39,1358,1023
2025-03-09 15:03:39,1356,1030
2025-03-09 15:03:39,1366,1031
2025-03-09 15:03:39,1358,1038
2025-03-09 15:03:39,1366,1042
2025-03-09 15:03:39,1377,1044
2025-03-09 15:03:39,1380,1046
2025-03-09 15:03:39,1389,1035
2025-03-09 15:03:39,1377,1022
2025-03-09 15:03:39,1367,1018
2025-03-09 15:03:39,1361,1011
2025-03-09 15:03:39,1347,1016
2025-03-09 15:03:39,1348,1021
2025-03-09 15:03:39,1360,1024
2025-03-09 15:03:39,1364,1030
2025-03-09 15:03:39,1367,1047
2025-03-09 15:03:39,1377,1044
2025-03-09 15:03:39,1383,1043
2025-03-09 15:03:39,1382,1040
2025-03-09 15:03:39,1380,1025
2025-03-09 15:03:39,1369,1025
2025-03-09 15:03:39,1359,1016
2025-03-09 15:03:39,1362,1017
2025-03-09 15:03:39,1347,1017
2025-03-09 15:03:39,1352,1027
2025-03-09 15:03:39,1358,1031
2025-03-09 15:03:39,1361,1037
2025-03-09 15:03:39,1373,1039
2025-03-09 15:03:39,1377,1040
2025-03-09 15:03:39,1377,1038
2025-03-09 15:03:39,1388,1033
2025-03-09 15:03:39,1375,1022
2025-03-09 15:03:41,1359,1027
2025-03-09 15:03:41,1361,1026
2025-03-09 15:03:41,1361,1035
2025-03-09 15:03:41,1369,1034
2025-03-09 15:03:41,1382,1044
2025-03-09 15:03:41,1378,1043
2025-03-09 15:03:41,1384,1031
2025-03-09 15:03:41,1379,1015
2025-03-09 15:03:41,1369,1022
2025-03-09 15:03:41,1356,1013
2025-03-09 15:03:41,1352,1011
2025-03-09 15:03:41,1356,1024
2025-03-09 15:03:41,1358,1030
2025-03-09 15:03:41,1367,1027
2025-03-09 15:03:41,1365,1036
2025-03-09 15:03:41,1372,1041
2025-03-09 15:03:41,1374,1048
2025-03-09 15:03:41,1385,1039
2025-03-09 15:03:41,1379,1030
2025-03-09 15:03:41,1370,1019
2025-03-09 15:03:41,1360,1014
2025-03-09 15:03:41,1358,1013
2025-03-09 15:03:41,1351,1024
2025-03-09 15:03:41,1361,1026
2025-03-09 15:03:41,1361,1028
2025-03-09 15:03:41,1366,1033
2025-03-09 15:03:41,1371,1039
2025-03-09 15:03:41,1379,1049
2025-03-09 15:03:41,1382,1037
2025-03-09 15:03:41,1385,1035
2025-03-09 15:03:41,1380,1018
2025-03-09 15:03:41,1364,1018
2025-03-09 15:03:41,1363,1015
2025-03-09 15:03:41,1351,1024
2025-03-09 15:03:41,1355,1024
2025-03-09 15:03:41,1363,1026
2025-03-09 15:03:41,1364,1041
2025-03-09 15:03:41,1366,1034
2025-03-09 15:03:41,1381,1049
2025-03-09 15:03:41,1381,1038
2025-03-09 15:03:43,1348,1016
2025-03-09 15:03:43,1359,1023
2025-03-09 15:03:43,1358,1028
2025-03-09 15:03:43,1360,1026
2025-03-09 15:03:43,1364,1041
2025-03-09 15:03:43,1372,1035
2025-03-09 15:03:43,1385,1035
2025-03-09 15:03:43,1385,1040
2025-03-09 15:03:43,1385,1023
2025-03-09 15:03:43,1376,1014
2025-03-09 15:03:43,1359,1011
2025-03-09 15:03:43,1361,1012
2025-03-09 15:03:43,1352,1017
2025-03-09 15:03:43,1354,1026
2025-03-09 15:03:43,1362,1021
2025-03-09 15:03:43,1362,1044
2025-03-09 15:03:43,1372,1036
2025-03-09 15:03:43,1376,1050
2025-03-09 15:03:43,1374,1038
2025-03-09 15:03:43,1385,1035
2025-03-09 15:03:43,1378,1025
2025-03-09 15:03:43,1366,1016
2025-03-09 15:03:43,1365,1014
2025-03-09 15:03:43,1354,1014
2025-03-09 15:03:43,1350,1022
2025-03-09 15:03:43,1367,1025
2025-03-09 15:03:43,1368,1030
2025-03-09 15:03:43,1373,1047
2025-03-09 15:03:43,1379,1037
2025-03-09 15:03:43,1379,1052
2025-03-09 15:03:43,1382,1034
2025-03-09 15:03:43,1374,1040
2025-03-09 15:03:43,1379,1023
2025-03-09 15:03:43,1372,1015
2025-03-09 15:03:43,1359,1012
2025-03-09 15:03:43,1362,1016
2025-03-09 15:03:43,1357,1021
2025-03-09 15:03:43,1360,1027
2025-03-09 15:03:43,1361,1029
2025-03-09 15:03:43,1366,1042
2025-03-09 15:03:44,1372,1022
2025-03-09 15:03:44,1367,1019
2025-03-09 15:03:44,1355,1010
2025-03-09 15:03:44,1354,1014
2025-03-09 15:03:44,1352,1023
2025-03-09 15:03:44,1359,1033
2025-03-09 15:03:44,1360,1028
2025-03-09 15:03:44,1367,1038
2025-03-09 15:03:44,1376,1039
2025-03-09 15:03:44,1377,1043
2025-03-09 15:03:44,1386,1040
2025-03-09 15:03:44,1383,1031
2025-03-09 15:03:44,1379,1026
2025-03-09 15:03:44,1365,1011
2025-03-09 15:03:44,1362,1008
2025-03-09 15:03:44,1349,1019
2025-03-09 15:03:44,1354,1028
2025-03-09 15:03:44,1358,1025
2025-03-09 15:03:44,1359,1030
2025-03-09 15:03:44,1368,1044
2025-03-09 15:03:44,1376,1040
2025-03-09 15:03:44,1382,1038
2025-03-09 15:03:44,1381,1037
2025-03-09 15:03:44,1385,1036
2025-03-09 15:03:44,1383,1016
2025-03-09 15:03:44,1359,1014
2025-03-09 15:03:44,1363,1014
2025-03-09 15:03:44,1355,1014
2025-03-09 15:03:44,1355,1019
2025-03-09 15:03:44,1362,1027
2025-03-09 15:03:44,1357,1031
2025-03-09 15:03:44,1369,1044
2025-03-09 15:03:44,1379,1039
2025-03-09 15:03:44,1377,1048
2025-03-09 15:03:44,1374,1036
2025-03-09 15:03:44,1378,1031
2025-03-09 15:03:44,1380,1015
2025-03-09 15:03:44,1364,1015
2025-03-09 15:03:44,1365,1012
2025-03-09 15:03:44,1352,1023
2025-03-09 15:03:46,1370,1045
2025-03-09 15:03:46,1374,1053
2025-03-09 15:03:46,1383,1039
2025-03-09 15:03:46,1384,1032
2025-03-09 15:03:46,1376,1016
2025-03-09 15:03:46,1364,1015
2025-03-09 15:03:46,1360,1011
2025-03-09 15:03:46,1350,1018
2025-03-09 15:03:46,1355,1023
2025-03-09 15:03:46,1365,1030
2025-03-09 15:03:46,1363,1031
2025-03-09 15:03:46,1371,1039
2025-03-09 15:03:46,1377,1045
2025-03-09 15:03:46,1378,1037
2025-03-09 15:03:46,1380,1033
2025-03-09 15:03:46,1381,1021
2025-03-09 15:03:46,1375,1018
2025-03-09 15:03:46,1356,1014
2025-03-09 15:03:46,1354,1016
2025-03-09 15:03:46,1350,1021
2025-03-09 15:03:46,1363,1028
2025-03-09 15:03:46,1368,1029
2025-03-09 15:03:46,1373,1036
2025-03-09 15:03:46,1374,1045
2025-03-09 15:03:46,1378,1051
2025-03-09 15:03:46,1387,1038
2025-03-09 15:03:46,1388,1025
2025-03-09 15:03:46,1378,1021
2025-03-09 15:03:46,1365,1013
2025-03-09 15:03:46,1358,1013
2025-03-09 15:03:46,1356,1019
2025-03-09 15:03:46,1355,1022
2025-03-09 15:03:46,1364,1024
2025-03-09 15:03:46,1364,1028
2025-03-09 15:03:46,1372,1044
2025-03-09 15:03:46,1381,1047
2025-03-09 15:03:46,1375,1049
2025-03-09 15:03:46,1384,1042
2025-03-09 15:03:46,1387,1029
2025-03-09 15:03:46,1374,1018
2025-03-09 15:03:48,1381,1029
2025-03-09 15:03:48,1371,1039
2025-03-09 15:03:48,1377,1042
2025-03-09 15:03:48,1378,1045
2025-03-09 15:03:48,1390,1034
2025-03-09 15:03:48,1383,1024
2025-03-09 15:03:48,1372,1016
2025-03-09 15:03:48,1358,1005
2025-03-09 15:03:48,1358,1022
2025-03-09 15:03:48,1346,1020
2025-03-09 15:03:48,1357,1024
2025-03-09 15:03:48,1360,1027
2025-03-09 15:03:48,1363,1034
2025-03-09 15:03:48,1371,1038
2025-03-09 15:03:48,1373,1042
2025-03-09 15:03:48,1384,1041
2025-03-09 15:03:48,1379,1035
2025-03-09 15:03:48,1378,1026
2025-03-09 15:03:48,1365,1021
2025-03-09 15:03:48,1364,1011
2025-03-09 15:03:48,1355,1011
2025-03-09 15:03:48,1356,1023
2025-03-09 15:03:48,1363,1024
2025-03-09 15:03:48,1363,1028
2025-03-09 15:03:48,1364,1038
2025-03-09 15:03:48,1373,1038
2025-03-09 15:03:48,1378,1051
2025-03-09 15:03:48,1387,1042
2025-03-09 15:03:48,1387,1042
2025-03-09 15:03:48,1375,1022
2025-03-09 15:03:48,1370,1023
2025-03-09 15:03:48,1362,1007
2025-03-09 15:03:48,1354,1012
2025-03-09 15:03:48,1356,1023
2025-03-09 15:03:48,1362,1026
2025-03-09 15:03:48,1363,1028
2025-03-09 15:03:48,1361,1040
2025-03-09 15:03:48,1377,1041
2025-03-09 15:03:48,1376,1047
2025-03-09 15:03:48,1383,1042
2025-03-09 15:03:50,1362,1022
2025-03-09 15:03:50,1358,1024
2025-03-09 15:03:50,1368,1034
2025-03-09 15:03:50,1368,1041
2025-03-09 15:03:50,1377,1044
2025-03-09 15:03:50,1381,1040
2025-03-09 15:03:50,1383,1045
2025-03-09 15:03:50,1381,1026
2025-03-09 15:03:50,1374,1019
2025-03-09 15:03:50,1359,1009
2025-03-09 15:03:50,1357,1017
2025-03-09 15:03:50,1351,1016
2025-03-09 15:03:50,1364,1023
2025-03-09 15:03:50,1364,1025
2025-03-09 15:03:50,1363,1038
2025-03-09 15:03:50,1365,1037
2025-03-09 15:03:50,1376,1044
2025-03-09 15:03:50,1374,1042
2025-03-09 15:03:50,1377,1034
2025-03-09 15:03:50,1383,1026
2025-03-09 15:03:50,1372,1029
2025-03-09 15:03:50,1364,1011
2025-03-09 15:03:50,1361,1017
2025-03-09 15:03:50,1354,1017
2025-03-09 15:03:50,1356,1022
2025-03-09 15:03:50,1367,1029
2025-03-09 15:03:50,1368,1036
2025-03-09 15:03:50,1376,1045
2025-03-09 15:03:50,1387,1050
2025-03-09 15:03:50,1381,1032
2025-03-09 15:03:50,1381,1041
2025-03-09 15:03:50,1375,1020
2025-03-09 15:03:50,1368,1016
2025-03-09 15:03:50,1353,1014
2025-03-09 15:03:50,1352,1015
2025-03-09 15:03:50,1352,1025
2025-03-09 15:03:50,1355,1030
2025-03-09 15:03:50,1360,1029
2025-03-09 15:03:50,1369,1042
2025-03-09 15:03:50,1370,1033
2025-03-09 15:03:54,1364,1036
2025-03-09 15:03:54,1354,1020
2025-03-09 15:03:54,1361,1028
2025-03-09 15:03:54,1366,1039
2025-03-09 15:03:54,1369,1038
2025-03-09 15:03:54,1370,1040
2025-03-09 15:03:54,1373,1030
2025-03-09 15:03:54,1366,1024
2025-03-09 15:03:54,1376,1024
2025-03-09 15:03:54,1362,1007
2025-03-09 15:03:54,1354,1008
2025-03-09 15:03:54,1340,1015
2025-03-09 15:03:54,1355,1025
2025-03-09 15:03:54,1359,1024
2025-03-09 15:03:54,1366,1033
2025-03-09 15:03:54,1362,1033
2025-03-09 15:03:54,1381,1043
2025-03-09 15:03:54,1375,1042
2025-03-09 15:03:54,1384,1044
2025-03-09 15:03:54,1377,1025
2025-03-09 15:03:54,1370,1020
2025-03-09 15:03:54,1357,1003
2025-03-09 15:03:54,1355,1017
2025-03-09 15:03:54,1350,1018
2025-03-09 15:03:54,1354,1025
2025-03-09 15:03:54,1368,1026
2025-03-09 15:03:54,1367,1036
2025-03-09 15:03:54,1371,1043
2025-03-09 15:03:54,1385,1042
2025-03-09 15:03:54,1385,1043
2025-03-09 15:03:54,1387,1041
2025-03-09 15:03:54,1376,1024
2025-03-09 15:03:54,1369,1026
2025-03-09 15:03:54,1364,1014
2025-03-09 15:03:54,1364,1017
2025-03-09 15:03:54,1358,1022
2025-03-09 15:03:54,1364,1036
2025-03-09 15:03:54,1367,1026
2025-03-09 15:03:54,1365,1032
2025-03-09 15:03:54,1369,1034
2025-03-09 15:03:56,1358,1039
2025-03-09 15:03:56,1368,1033
2025-03-09 15:03:56,1365,1042
2025-03-09 15:03:56,1376,1042
2025-03-09 15:03:56,1379,1049
2025-03-09 15:03:56,1385,1046
2025-03-09 15:03:56,1385,1036
2025-03-09 15:03:56,1377,1023
2025-03-09 15:03:56,1363,1016
2025-03-09 15:03:56,1367,1018
2025-03-09 15:03:56,1351,1029
2025-03-09 15:03:56,1362,1022
2025-03-09 15:03:56,1371,1031
2025-03-09 15:03:56,1365,1039
2025-03-09 15:03:56,1372,1039
2025-03-09 15:03:56,1378,1050
2025-03-09 15:03:56,1381,1039
2025-03-09 15:03:56,1383,1045
2025-03-09 15:03:56,1376,1023
2025-03-09 15:03:56,1367,1021
2025-03-09 15:03:56,1366,1007
2025-03-09 15:03:56,1356,1015
2025-03-09 15:03:56,1354,1022
2025-03-09 15:03:56,1357,1019
2025-03-09 15:03:56,1363,1034
2025-03-09 15:03:56,1365,1043
2025-03-09 15:03:56,1377,1039
2025-03-09 15:03:56,1383,1047
2025-03-09 15:03:56,1388,1041
2025-03-09 15:03:56,1373,1027
2025-03-09 15:03:56,1378,1026
2025-03-09 15:03:56,1364,1010
2025-03-09 15:03:56,1361,1015
2025-03-09 15:03:56,1348,1018
2025-03-09 15:03:56,1358,1026
2025-03-09 15:03:56,1365,1025
2025-03-09 15:03:56,1364,1036
2025-03-09 15:03:56,1369,1044
2025-03-09 15:03:56,1381,1046
2025-03-09 15:03:56,1379,1038
2025-03-09 15:03:58,1374,1020
2025-03-09 15:03:58,1356,1027
2025-03-09 15:03:58,1364,1030
2025-03-09 15:03:58,1363,1040
2025-03-09 15:03:58,1371,1038
2025-03-09 15:03:58,1379,1047
2025-03-09 15:03:58,1380,1036
2025-03-09 15:03:58,1387,1040
2025-03-09 15:03:58,1380,1027
2025-03-09 15:03:58,1369,1023
2025-03-09 15:03:58,1356,1012
2025-03-09 15:03:58,1353,1023
2025-03-09 15:03:58,1354,1025
2025-03-09 15:03:58,1357,1026
2025-03-09 15:03:58,1368,1030
2025-03-09 15:03:58,1365,1040
2025-03-09 15:03:58,1377,1037
2025-03-09 15:03:58,1385,1047
2025-03-09 15:03:58,1385,1034
2025-03-09 15:03:58,1386,1027
2025-03-09 15:03:58,1378,1020
2025-03-09 15:03:58,1362,1015
2025-03-09 15:03:58,1362,1014
2025-03-09 15:03:58,1351,1020
2025-03-09 15:03:58,1352,1026
2025-03-09 15:03:58,1362,1027
2025-03-09 15:03:58,1367,1032
2025-03-09 15:03:58,1372,1042
2025-03-09 15:03:58,1376,1040
2025-03-09 15:03:58,1375,1046
2025-03-09 15:03:58,1391,1036
2025-03-09 15:03:58,1373,1026
2025-03-09 15:03:58,1372,1020
2025-03-09 15:03:58,1362,1007
2025-03-09 15:03:58,1353,1009
2025-03-09 15:03:58,1347,1020
2025-03-09 15:03:58,1359,1028
2025-03-09 15:03:58,1358,1030
2025-03-09 15:03:58,1365,1044
2025-03-09 15:03:58,1370,1032
2025-03-09 15:03:59,1373,1021
2025-03-09 15:03:59,1359,1015
2025-03-09 15:03:59,1356,1021
2025-03-09 15:03:59,1361,1027
2025-03-09 15:03:59,1360,1029
2025-03-09 15:03:59,1371,1032
2025-03-09 15:03:59,1374,1038
2025-03-09 15:03:59,1381,1047
2025-03-09 15:03:59,1382,1045
2025-03-09 15:03:59,1391,1045
2025-03-09 15:03:59,1385,1033
2025-03-09 15:03:59,1380,1027
2025-03-09 15:03:59,1370,1026
2025-03-09 15:03:59,1355,1021
2025-03-09 15:03:59,1354,1026
2025-03-09 15:03:59,1362,1035
2025-03-09 15:03:59,1369,1037
2025-03-09 15:03:59,1367,1042
2025-03-09 15:03:59,1375,1038
2025-03-09 15:03:59,1382,1045
2025-03-09 15:03:59,1383,1038
2025-03-09 15:03:59,1392,1044
2025-03-09 15:03:59,1386,1026
2025-03-09 15:03:59,1371,1022
2025-03-09 15:03:59,1361,1013
2025-03-09 15:03:59,1356,1022
2025-03-09 15:03:59,1362,1030
2025-03-09 15:03:59,1364,1029
2025-03-09 15:03:59,1363,1036
2025-03-09 15:03:59,1377,1037
2025-03-09 15:03:59,1385,1045
2025-03-09 15:03:59,1379,1051
2025-03-09 15:03:59,1386,1035
2025-03-09 15:03:59,1386,1025
2025-03-09 15:03:59,1381,1021
2025-03-09 15:03:59,1364,1019
2025-03-09 15:03:59,1368,1027
2025-03-09 15:03:59,1357,1018
2025-03-09 15:03:59,1361,1028
2025-03-09 15:03:59,1374,1031
2025-03-09 15:04:01,1382,1040
2025-03-09 15:04:01,1383,1025
2025-03-09 15:04:01,1366,1024
2025-03-09 15:04:01,1369,1016
2025-03-09 15:04:01,1365,1023
2025-03-09 15:04:01,1367,1026
2025-03-09 15:04:01,1368,1036
2025-03-09 15:04:01,1369,1034
2025-03-09 15:04:01,1375,1035
2025-03-09 15:04:01,1383,1049
2025-03-09 15:04:01,1382,1048
2025-03-09 15:04:01,1396,1041
2025-03-09 15:04:01,1390,1032
2025-03-09 15:04:01,1382,1026
2025-03-09 15:04:01,1371,1012
2025-03-09 15:04:01,1366,1016
2025-03-09 15:04:01,1357,1023
2025-03-09 15:04:01,1367,1028
2025-03-09 15:04:01,1368,1029
2025-03-09 15:04:01,1366,1043
2025-03-09 15:04:01,1378,1041
2025-03-09 15:04:01,1384,1053
2025-03-09 15:04:01,1385,1045
2025-03-09 15:04:01,1385,1032
2025-03-09 15:04:01,1381,1026
2025-03-09 15:04:01,1372,1015
2025-03-09 15:04:01,1365,1016
2025-03-09 15:04:01,1352,1024
2025-03-09 15:04:01,1365,1027
2025-03-09 15:04:01,1368,1030
2025-03-09 15:04:01,1367,1042
2025-03-09 15:04:01,1373,1043
2025-03-09 15:04:01,1386,1045
2025-03-09 15:04:01,1379,1047
2025-03-09 15:04:01,1391,1042
2025-03-09 15:04:01,1384,1023
2025-03-09 15:04:01,1373,1028
2025-03-09 15:04:01,1370,1012
2025-03-09 15:04:01,1356,1025
2025-03-09 15:04:01,1358,1025
2025-03-09 15:04:03,1376,1026
2025-03-09 15:04:03,1363,1016
2025-03-09 15:04:03,1365,1020
2025-03-09 15:04:03,1357,1026
2025-03-09 15:04:03,1364,1029
2025-03-09 15:04:03,1374,1028
2025-03-09 15:04:03,1372,1039
2025-03-09 15:04:03,1376,1040
2025-03-09 15:04:03,1380,1048
2025-03-09 15:04:03,1384,1042
2025-03-09 15:04:03,1382,1032
2025-03-09 15:04:03,1380,1022
2025-03-09 15:04:03,1366,1009
2025-03-09 15:04:03,1362,1016
2025-03-09 15:04:03,1353,1022
2025-03-09 15:04:03,1360,1028
2025-03-09 15:04:03,1368,1029
2025-03-09 15:04:03,1368,1035
2025-03-09 15:04:03,1369,1045
2025-03-09 15:04:03,1381,1048
2025-03-09 15:04:03,1379,1049
2025-03-09 15:04:03,1393,1037
2025-03-09 15:04:03,1391,1025
2025-03-09 15:04:03,1378,1024
2025-03-09 15:04:03,1364,1019
2025-03-09 15:04:03,1361,1024
2025-03-09 15:04:03,1368,1036
2025-03-09 15:04:03,1368,1032
2025-03-09 15:04:03,1369,1031
2025-03-09 15:04:03,1372,1047
2025-03-09 15:04:03,1379,1042
2025-03-09 15:04:03,1384,1053
2025-03-09 15:04:03,1388,1048
2025-03-09 15:04:03,1390,1040
2025-03-09 15:04:03,1388,1026
2025-03-09 15:04:03,1370,1022
2025-03-09 15:04:03,1367,1016
2025-03-09 15:04:03,1359,1023
2025-03-09 15:04:03,1364,1029
2025-03-09 15:04:03,1372,1027
2025-03-09 15:04:05,1373,1029
2025-03-09 15:04:05,1379,1023
2025-03-09 15:04:05,1369,1014
2025-03-09 15:04:05,1369,1017
2025-03-09 15:04:05,1352,1021
2025-03-09 15:04:05,1357,1026
2025-03-09 15:04:05,1359,1035
2025-03-09 15:04:05,1374,1042
2025-03-09 15:04:05,1377,1044
2025-03-09 15:04:05,1386,1052
2025-03-09 15:04:05,1387,1041
2025-03-09 15:04:05,1391,1038
2025-03-09 15:04:05,1385,1026
2025-03-09 15:04:05,1373,1026
2025-03-09 15:04:05,1358,1011
2025-03-09 15:04:05,1353,1021
2025-03-09 15:04:05,1360,1026
2025-03-09 15:04:05,1362,1032
2025-03-09 15:04:05,1367,1034
2025-03-09 15:04:05,1381,1046
2025-03-09 15:04:05,1386,1048
2025-03-09 15:04:05,1384,1045
2025-03-09 15:04:05,1400,1042
2025-03-09 15:04:05,1383,1028
2025-03-09 15:04:05,1380,1022
2025-03-09 15:04:05,1368,1015
2025-03-09 15:04:05,1361,1019
2025-03-09 15:04:05,1355,1032
2025-03-09 15:04:05,1366,1030
2025-03-09 15:04:05,1365,1029
2025-03-09 15:04:05,1365,1048
2025-03-09 15:04:05,1380,1043
2025-03-09 15:04:05,1385,1050
2025-03-09 15:04:05,1394,1043
2025-03-09 15:04:05,1389,1039
2025-03-09 15:04:05,1383,1030
2025-03-09 15:04:05,1364,1016
2025-03-09 15:04:05,1367,1015
2025-03-09 15:04:05,1360,1024
2025-03-09 15:04:05,1368,1025
2025-03-09 15:04:07,1375,1042
2025-03-09 15:04:07,1388,1033
2025-03-09 15:04:07,1381,1021
2025-03-09 15:04:07,1364,1017
2025-03-09 15:04:07,1361,1023
2025-03-09 15:04:07,1360,1030
2025-03-09 15:04:07,1368,1031
2025-03-09 15:04:07,1373,1033
2025-03-09 15:04:07,1379,1043
2025-03-09 15:04:07,1371,1044
2025-03-09 15:04:07,1381,1051
2025-03-09 15:04:07,1383,1042
2025-03-09 15:04:07,1395,1039
2025-03-09 15:04:07,1382,1026
2025-03-09 15:04:07,1376,1032
2025-03-09 15:04:07,1367,1020
2025-03-09 15:04:07,1360,1025
2025-03-09 15:04:07,1362,1021
2025-03-09 15:04:07,1368,1031
2025-03-09 15:04:07,1368,1031
2025-03-09 15:04:07,1370,1043
2025-03-09 15:04:07,1389,1041
2025-03-09 15:04:07,1383,1054
2025-03-09 15:04:07,1387,1040
2025-03-09 15:04:07,1385,1034
2025-03-09 15:04:07,1383,1023
2025-03-09 15:04:07,1368,1015
2025-03-09 15:04:07,1365,1020
2025-03-09 15:04:07,1361,1027
2025-03-09 15:04:07,1365,1035
2025-03-09 15:04:07,1368,1030
2025-03-09 15:04:07,1372,1038
2025-03-09 15:04:07,1380,1046
2025-03-09 15:04:07,1381,1049
2025-03-09 15:04:07,1391,1049
2025-03-09 15:04:07,1392,1042
2025-03-09 15:04:07,1388,1025
2025-03-09 15:04:07,1373,1022
2025-03-09 15:04:07,1370,1017
2025-03-09 15:04:07,1358,1017
2025-03-09 15:04:08,1398,1042
2025-03-09 15:04:08,1381,1048
2025-03-09 15:04:08,1392,1047
2025-03-09 15:04:08,1385,1040
2025-03-09 15:04:08,1384,1024
2025-03-09 15:04:08,1373,1018
2025-03-09 15:04:08,1362,1017
2025-03-09 15:04:08,1355,1024
2025-03-09 15:04:08,1365,1035
2025-03-09 15:04:08,1376,1033
2025-03-09 15:04:08,1376,1038
2025-03-09 15:04:08,1372,1042
2025-03-09 15:04:08,1383,1041
2025-03-09 15:04:08,1381,1047
2025-03-09 15:04:08,1388,1038
2025-03-09 15:04:08,1376,1019
2025-03-09 15:04:08,1375,1016
2025-03-09 15:04:08,1362,1012
2025-03-09 15:04:08,1354,1018
2025-03-09 15:04:08,1356,1029
2025-03-09 15:04:08,1362,1021
2025-03-09 15:04:08,1361,1027
2025-03-09 15:04:08,1363,1041
2025-03-09 15:04:08,1378,1043
2025-03-09 15:04:08,1377,1043
2025-03-09 15:04:08,1381,1034
2025-03-09 15:04:08,1376,1028
2025-03-09 15:04:08,1376,1016
2025-03-09 15:04:08,1357,1008
2025-03-09 15:04:08,1354,1008
2025-03-09 15:04:08,1343,1021
2025-03-09 15:04:08,1359,1025
2025-03-09 15:04:08,1355,1024
2025-03-09 15:04:08,1366,1038
2025-03-09 15:04:08,1362,1040
2025-03-09 15:04:08,1378,1043
2025-03-09 15:04:08,1378,1039
2025-03-09 15:04:08,1376,1019
2025-03-09 15:04:08,1374,1015
2025-03-09 15:04:08,1366,1012
2025-03-09 15:04:10,1366,1034
2025-03-09 15:04:10,1374,1036
2025-03-09 15:04:10,1379,1041
2025-03-09 15:04:10,1385,1036
2025-03-09 15:04:10,1385,1035
2025-03-09 15:04:10,1379,1023
2025-03-09 15:04:10,1368,1014
2025-03-09 15:04:10,1362,1019
2025-03-09 15:04:10,1361,1020
2025-03-09 15:04:10,1358,1027
2025-03-09 15:04:10,1365,1024
2025-03-09 15:04:10,1363,1036
2025-03-09 15:04:10,1372,1042
2025-03-09 15:04:10,1383,1045
2025-03-09 15:04:10,1386,1043
2025-03-09 15:04:10,1387,1037
2025-03-09 15:04:10,1376,1023
2025-03-09 15:04:10,1369,1013
2025-03-09 15:04:10,1364,1014
2025-03-09 15:04:10,1355,1023
2025-03-09 15:04:10,1355,1029
2025-03-09 15:04:10,1362,1030
2025-03-09 15:04:10,1368,1024
2025-03-09 15:04:10,1363,1040
2025-03-09 15:04:10,1377,1040
